1	/index.php/article/view/id/1	Борьба с сорняком
2	/index.php/article/view/id/2	Влияние внешних условий на рост и плодоношение.
3	/index.php/article/view/id/3	Перспективы создания ореховых садов в Украине.
4	/index.php/article/view/id/4	Особенности выращивания орехов.
5	/index.php/article/view/id/5	Посадка саженцев ореха.
6	/index.php/article/view/id/6	ОРЕХ ГРЕЦКИЙ
7	/index.php/article/view/id/7	Группы орехов.
8	/index.php/article/view/id/8	Формирование кроны и обрезка
9	/index.php/article/view/id/9	Вредители и болезни
10	/index.php/article/view/id/10	Выбор места под питомник.
11	/index.php/article/view/id/11	Структура почвы
12	/index.php/article/view/id/12	Питательные вещества
13	/index.php/article/view/id/13	Корневая система грецкого ореха.
14	/index.php/article/view/id/14	Из каких частей состоит дерево ореха.
15	/index.php/article/view/id/15	Уход за ореховым садом.
16	/index.php/article/view/id/16	Повышение плодородия почвы, сидерация.
17	/index.php/article/view/id/17	Привитые саженцы ореха грецкого с закрытой корнево
18	/index.php/article/view/id/18	Подготовка саженцев к зиме,мульчирование почвы
19	/index.php/article/view/id/19	Основы питания растений. Природное земледелие.
20	/index.php/article/view/id/20	Интенсивная технология выращивания садов ореха